#OTUId,89.AVd_166,90.AVd_167,93.AVd_292,94.AVd_296,95.AVd_298,118.AVd_290,92.AVd_170
OTU_24,0.720409192,1.102700682,0.666709819,0.068487939,0.15478545,9.11723587,3.051800294
OTU_30,0.6123478139999999,0.532660499,0.6926014629999999,0.88273343,0.481554734,0.049930098,1.345201446
OTU_38,0.986960594,0.504625736,0.627872354,0.091317251,0.15478545,2.666267226,0.49524829299999995
OTU_115,0.7780419279999999,1.252219419,0.0,0.517464424,1.513457735,0.23966447,0.5889439160000001
OTU_187,0.093653195,0.037379683999999996,0.051783287000000004,0.045658625999999994,0.034396767,0.0,0.093695623
OTU_66,0.0,0.0,0.757330572,1.4686857930000001,1.1436924929999999,0.0,0.0
OTU_11,0.0,0.0,0.0,0.0,0.0,0.039944078,0.0
OTU_77,0.0,0.0,0.122985306,0.060878167999999996,0.05159515,0.00998602,0.0
OTU_208,0.0,0.0,0.0,0.0,0.0,0.0,0.0
OTU_70,0.0,0.0,0.0,0.0,0.0,0.069902137,0.0
OTU_100,0.0,0.0,0.0,0.0,0.0,0.0,0.0
OTU_193,0.0,0.0,0.0,0.091317251,0.05159515,0.00998602,0.0
OTU_65,0.0,0.0,0.0,0.0,0.0,0.0,0.0
OTU_62,0.0,0.0,0.0,0.0,0.0,0.0,0.0
OTU_58,0.0,0.009344920999999999,0.019418733,0.0076097709999999995,0.0,0.0,0.0
OTU_167,0.0,0.0,3.178199236,0.441366715,0.5761458420000001,0.0,0.0
OTU_159,0.0,0.0,0.0,0.0,0.0,0.0,0.0
OTU_207,0.0,0.0,0.0,0.0,0.0,0.0,0.0
OTU_53,0.0,0.0,0.0,0.0076097709999999995,0.0,4.603555023,0.0
OTU_112,0.0,0.0,0.0,0.0,0.0,0.00998602,0.0
